<?xml version="1.0" encoding="UTF-8"?>
<!DOCTYPE mapper
    PUBLIC "-//mybatis.org//DTD Mapper 3.0//EN"
    "https://mybatis.org/dtd/mybatis-3-mapper.dtd">
    
<mapper namespace="com.project.knpark.repository.AdminRepository">
	<resultMap type="Admin" id="AdminResult">
		<result property="aid" column="aid"/>
		<result property="apw" column="apw"/>
		<result property="aname" column="aname"/>
		<result property="agroup" column="agroup"/>
		<result property="ardate" column="ardate"/>
	</resultMap>
	
	<select id="getAdmin" parameterType="String" resultType="Admin">
		SELECT * FROM ADMIN WHERE AID=#{aid}
	</select>
	
	<select id="aidConfirm" parameterType="String" resultType="int">
		SELECT COUNT(*) FROM ADMIN WHERE AID = #{aid}
	</select>
	
	<insert id="insertAdmin" parameterType="Admin">
		INSERT INTO ADMIN VALUES (#{aid}, #{apw}, #{aname}, #{agroup}, SYSDATE)
	</insert>
	
	<update id="modifyAdmin" parameterType="Admin">
		UPDATE ADMIN SET APW = #{apw}, ANAME = #{aname}, AGROUP = #{agroup} WHERE AID = #{aid}
	</update>
</mapper>