<?xml version="1.0" encoding="UTF-8"?>
<!DOCTYPE mapper
    PUBLIC "-//mybatis.org//DTD Mapper 3.0//EN"
    "http://mybatis.org/dtd/mybatis-3-mapper.dtd">
<mapper namespace="com.project.knpark.repository.FaqRepository">
	<resultMap type="Faq" id="FaqResult">
		<result property="fno" column="fno"/>
		<result property="aid" column="aid"/>
		<result property="parkname" column="parkname"/>
		<result property="ftitle" column="ftitle"/>
		<result property="ftext" column="ftext"/>
		<result property="frdate" column="frdate"/>
	</resultMap>
	
	<select id="faqList" parameterType="Faq" resultMap="FaqResult">
		<if test="option == null or option == ''">
			SELECT * 
			  	FROM (SELECT ROWNUM RN, A.* FROM (SELECT * FROM FAQ ORDER BY FNO DESC) A)
			  	WHERE RN BETWEEN #{startRow} AND #{endRow}
		</if>
		<if test="option == 'all'">
			SELECT * 
			    FROM (SELECT ROWNUM RN, A.* 
			          FROM (SELECT * FROM FAQ 
			                WHERE FTITLE LIKE '%'|| #{search} ||'%' OR FTEXT LIKE '%' || #{search} || '%'  ORDER BY FNO) A)
			    WHERE RN BETWEEN #{startRow} AND #{endRow}
		</if>
		<if test="option == 'ftitle'">
			SELECT * 
			    FROM (SELECT ROWNUM RN, A.* 
			          FROM (SELECT * FROM FAQ 
			                WHERE FTITLE LIKE '%'|| #{search} ||'%' ORDER BY FNO) A)
			    WHERE RN BETWEEN #{startRow} AND #{endRow}
		</if>
		<if test="option == 'ftext'">
			SELECT * 
			    FROM (SELECT ROWNUM RN, A.* 
			          FROM (SELECT * FROM FAQ 
			                WHERE FTEXT LIKE '%'|| #{search} ||'%' ORDER BY FNO) A)
			    WHERE RN BETWEEN #{startRow} AND #{endRow}
		</if>
	</select>
	
	<select id="getFaqTotCnt" parameterType="Faq" resultType="int">
		<if test="option == null or option == ''">
			SELECT COUNT(*) CNT FROM FAQ			
		</if>
		<if test="option == 'all'">
			SELECT COUNT(*) FROM FAQ WHERE FTITLE LIKE '%'|| #{search} ||'%' OR FTEXT LIKE '%'||#{search}||'%'
		</if>
		<if test="option == 'ftitle'">
			SELECT COUNT(*) FROM FAQ WHERE FTITLE LIKE '%'|| #{search} ||'%'
		</if>
		<if test="option == 'ftext'">
			SELECT COUNT(*) FROM FAQ WHERE FTEXT LIKE '%'|| #{search} ||'%'
		</if>
		
	</select>
	
	<select id="getFaq" parameterType="int" resultType="Faq">
		SELECT * FROM FAQ WHERE FNO=#{fno}
	</select>
	
	<insert id="faqInsert" parameterType="Faq">
		INSERT INTO FAQ (FNO, AID, PARKNAME, FTITLE, FTEXT, FRDATE)
  			VALUES (FAQ_SQ.NEXTVAL, #{aid}, #{parkname}, #{ftitle}, #{ftext}, SYSDATE)
	</insert>
	
	<update id="faqModify" parameterType="Faq">
		UPDATE FAQ 
		  SET AID = #{aid},
		      PARKNAME = #{parkname},
		      FTITLE = #{ftitle},
		      FTEXT = #{ftext},
		      FRDATE = SYSDATE
		    WHERE FNO=#{fno}
	</update>
	
	<delete id="faqDelete" parameterType="int">
		DELETE FROM FAQ WHERE FNO=#{fno}
	</delete>
</mapper>













