<?xml version="1.0" encoding="UTF-8"?>
<!DOCTYPE mapper
    PUBLIC "-//mybatis.org//DTD Mapper 3.0//EN"
    "http://mybatis.org/dtd/mybatis-3-mapper.dtd">
    
<mapper namespace="com.project.knpark.repository.GuidanceRepository">
	<resultMap type="Guidance" id="CampResult">
		<result property="campno" column="campno"/>
		<result property="campname" column="campname"/>
		<result property="parkname" column="parkname"/>
		<result property="campaddress" column="campaddress"/>
		<result property="camptel" column="camptel"/>	
	</resultMap>
	
	<!-- 야영장 리스트 출력 -->
	<select id="getCampList" parameterType="String" resultMap="CampResult">
		SELECT CAMPNO, CAMPNAME FROM CAMP WHERE PARKNAME = #{parkname}
	</select>
</mapper>









