<?xml version="1.0" encoding="UTF-8"?>
<!DOCTYPE mapper
    PUBLIC "-//mybatis.org//DTD Mapper 3.0//EN"
    "https://mybatis.org/dtd/mybatis-3-mapper.dtd">
    
<mapper namespace="com.project.knpark.repository.SuggestRepository">
	<resultMap type="Suggest" id="SuggestResult">
		<result property="sno" column="sno"/>
		<result property="id" column="id"/>
		<result property="aid" column="aid"/>
		<result property="writer" column="writer"/>
		<result property="stitle" column="stitle"/>
		<result property="stext" column="stext"/>
		<result property="srdate" column="srdate"/>
		<result property="shit" column="shit"/>
		<result property="sgroup" column="sgroup"/>
		<result property="sstep" column="ssetp"/>
		<result property="sindent" column="sindent"/>
		<result property="sip" column="sip"/>
	</resultMap>
	
	<select id="suggestList" parameterType="Suggest" resultMap="SuggestResult">
		SELECT *
		    FROM (SELECT ROWNUM RN, A.* 
		    	FROM (SELECT SNO, NVL((SELECT NAME FROM MEMBER WHERE SUGGEST.ID=ID), '관리자') WRITER, STITLE, SHIT, SRDATE, SINDENT, SSTEP 
		    		FROM SUGGEST ORDER BY SGROUP DESC, SSTEP ) A)
		    WHERE RN BETWEEN #{startRow} AND #{endRow}
	</select>
	
	<select id="getSuggestTotCnt" resultType="int">
		SELECT COUNT(*) CNT FROM SUGGEST
	</select>
	
	<insert id="suggestInsert" parameterType="Suggest">
		INSERT INTO SUGGEST (SNO, ID, STITLE, STEXT, SRDATE, SGROUP, SSTEP, SINDENT, SIP)
  			VALUES (SUGGEST_SQ.NEXTVAL, #{id}, #{stitle}, #{stext}, SYSDATE, SUGGEST_SQ.CURRVAL, 0,0, #{sip})
	</insert>
		
	<update id="suggestHitUp" parameterType="int">
		UPDATE SUGGEST SET SHIT = SHIT+1 WHERE SNO=#{sno}
	</update>
	
	<select id="getSuggest" parameterType="int" resultType="Suggest">
		SELECT * FROM SUGGEST WHERE SNO=#{sno}
	</select>
	
	<update id="suggestModify" parameterType="Suggest">
		UPDATE SUGGEST 
		    SET ID = #{id},
		        AID = #{aid},
		        STITLE = #{stitle},
		        STEXT = #{stext},
		        SIP = #{sip}
		    WHERE SNO = #{sno}
	</update>
	
	<delete id="suggestDelete" parameterType="int">
		DELETE FROM SUGGEST WHERE SNO=#{sno}
	</delete>
	
	<update id="suggestPreReplyStep" parameterType="Suggest">
		UPDATE SUGGEST SET SSTEP = SSTEP+1 WHERE SGROUP=#{sgroup} AND SSTEP > #{sstep}
	</update>
	
	<insert id="suggestReplyWrite">
		INSERT INTO SUGGEST (SNO, AID, STITLE, STEXT, SRDATE, SGROUP, SSTEP, SINDENT, SIP)
  			VALUES (SUGGEST_SQ.NEXTVAL, #{aid}, #{stitle}, #{stext}, SYSDATE, 
  				#{sgroup}, #{sstep}+1, #{sindent}+1, #{sip})
	</insert>
	
</mapper>

















