<?xml version="1.0" encoding="UTF-8"?>
<!DOCTYPE configuration
    PUBLIC "-//mybatis.org//DTD Config 3.0//EN"
    "http://mybatis.org/dtd/mybatis-3-config.dtd">   
<configuration>
	<typeAliases>
		<typeAlias type="com.project.knpark.vo.Member" alias="Member"/>
		<typeAlias type="com.project.knpark.vo.Notice" alias="Notice"/>
		<typeAlias type="com.project.knpark.vo.Faq" alias="Faq"/>
		<typeAlias type="com.project.knpark.vo.Review" alias="Review"/>
		<typeAlias type="com.project.knpark.vo.Suggest" alias="Suggest"/>
		<typeAlias type="com.project.knpark.vo.Admin" alias="Admin"/>
		<typeAlias type="com.project.knpark.vo.Qna" alias="Qna"/>
		<typeAlias type="com.project.knpark.vo.Infomation" alias="Infomation"/>
		<typeAlias type="com.project.knpark.vo.Reservation" alias="Reservation"/>
		<typeAlias type="com.project.knpark.vo.Guidance" alias="Guidance"/>
	</typeAliases>
	<mappers>
		<mapper resource="META-INF/sqlmap/mappers/member.xml"/>
		<mapper resource="META-INF/sqlmap/mappers/notice.xml"/>
		<mapper resource="META-INF/sqlmap/mappers/faq.xml"/>
		<mapper resource="META-INF/sqlmap/mappers/review.xml"/>
		<mapper resource="META-INF/sqlmap/mappers/suggest.xml"/>
		<mapper resource="META-INF/sqlmap/mappers/admin.xml"/>
		<mapper resource="META-INF/sqlmap/mappers/qna.xml"/>
		<mapper resource="META-INF/sqlmap/mappers/infomation.xml"/>
		<mapper resource="META-INF/sqlmap/mappers/reservation.xml"/>
		<mapper resource="META-INF/sqlmap/mappers/guidance.xml"/>
	</mappers>

</configuration>